index_no,transcript,utterance_id,duration,language,dataset_name
0,म पनि जान्छु है त अहिले लाई ।,9f8a47cee5574b287a8f93f5498d81115cf1dfbd718ead4f2265e4400f7de0f017a58a2c8c1245e0d3ceeccffa5b110322c4f784aa8a9785e3219557cb44395e,5.328,ne-NP,nepali_16
1,थाहा छैन ।,9f8a47cee5574b287a8f93f5498d81115cf1dfbd718ead4f2265e4400f7de0f017a58a2c8c1245e0d3ceeccffa5b110322c4f784aa8a9785e3219557cb44395e,3.168,ne-NP,nepali_16
2,म खाना पकाउँदै छु ।,9f8a47cee5574b287a8f93f5498d81115cf1dfbd718ead4f2265e4400f7de0f017a58a2c8c1245e0d3ceeccffa5b110322c4f784aa8a9785e3219557cb44395e,3.24,ne-NP,nepali_16
3,तिमी हराएर हो नि भाई ।,9f8a47cee5574b287a8f93f5498d81115cf1dfbd718ead4f2265e4400f7de0f017a58a2c8c1245e0d3ceeccffa5b110322c4f784aa8a9785e3219557cb44395e,3.096,ne-NP,nepali_16
4,"हैन, जर्मनी समुह चरणबाट बहिरिने सम्भावना धेरै देख्छु म त ।",9f8a47cee5574b287a8f93f5498d81115cf1dfbd718ead4f2265e4400f7de0f017a58a2c8c1245e0d3ceeccffa5b110322c4f784aa8a9785e3219557cb44395e,6.048,ne-NP,nepali_16
5,मैले फुकें बाँसुरी ।,9f8a47cee5574b287a8f93f5498d81115cf1dfbd718ead4f2265e4400f7de0f017a58a2c8c1245e0d3ceeccffa5b110322c4f784aa8a9785e3219557cb44395e,3.06,ne-NP,nepali_16
6,आज राती धेरै ठुलो पानी पर्छ होला ।,9f8a47cee5574b287a8f93f5498d81115cf1dfbd718ead4f2265e4400f7de0f017a58a2c8c1245e0d3ceeccffa5b110322c4f784aa8a9785e3219557cb44395e,3.6,ne-NP,nepali_16
7,तिमी के के गर्न सक्छौ?,9f8a47cee5574b287a8f93f5498d81115cf1dfbd718ead4f2265e4400f7de0f017a58a2c8c1245e0d3ceeccffa5b110322c4f784aa8a9785e3219557cb44395e,3.96,ne-NP,nepali_16
8,रामुलाई कसैले काका भन्छ कि भन्दैन?,9f8a47cee5574b287a8f93f5498d81115cf1dfbd718ead4f2265e4400f7de0f017a58a2c8c1245e0d3ceeccffa5b110322c4f784aa8a9785e3219557cb44395e,3.708,ne-NP,nepali_16
9,बाटो खास्सै राम्रो त् छैन ।,9f8a47cee5574b287a8f93f5498d81115cf1dfbd718ead4f2265e4400f7de0f017a58a2c8c1245e0d3ceeccffa5b110322c4f784aa8a9785e3219557cb44395e,3.42,ne-NP,nepali_16
10,नतिजा आफ्नो पोल्टामा परेन ।,9f8a47cee5574b287a8f93f5498d81115cf1dfbd718ead4f2265e4400f7de0f017a58a2c8c1245e0d3ceeccffa5b110322c4f784aa8a9785e3219557cb44395e,3.276,ne-NP,nepali_16
11,यस्ता समस्याहरु चाडै समाधान हुन दाइ ।,9f8a47cee5574b287a8f93f5498d81115cf1dfbd718ead4f2265e4400f7de0f017a58a2c8c1245e0d3ceeccffa5b110322c4f784aa8a9785e3219557cb44395e,3.528,ne-NP,nepali_16
12,"तपाईंलाई मन परेको फिल्म तपाईंका लागि राम्रो, नपरेको नराम्रो ।",9f8a47cee5574b287a8f93f5498d81115cf1dfbd718ead4f2265e4400f7de0f017a58a2c8c1245e0d3ceeccffa5b110322c4f784aa8a9785e3219557cb44395e,5.328,ne-NP,nepali_16
13,सर्भर बन्द भएको रहेछ ।,9f8a47cee5574b287a8f93f5498d81115cf1dfbd718ead4f2265e4400f7de0f017a58a2c8c1245e0d3ceeccffa5b110322c4f784aa8a9785e3219557cb44395e,3.24,ne-NP,nepali_16
14,"ल केटा, राति बस्नुपर्छ अब एकदिन ।",9f8a47cee5574b287a8f93f5498d81115cf1dfbd718ead4f2265e4400f7de0f017a58a2c8c1245e0d3ceeccffa5b110322c4f784aa8a9785e3219557cb44395e,4.32,ne-NP,nepali_16
15,अब हेर्न मजा आउने भयो।,9f8a47cee5574b287a8f93f5498d81115cf1dfbd718ead4f2265e4400f7de0f017a58a2c8c1245e0d3ceeccffa5b110322c4f784aa8a9785e3219557cb44395e,3.168,ne-NP,nepali_16
16,धेरै फिलिम हेर्न पनि हुदैँन ।,9f8a47cee5574b287a8f93f5498d81115cf1dfbd718ead4f2265e4400f7de0f017a58a2c8c1245e0d3ceeccffa5b110322c4f784aa8a9785e3219557cb44395e,3.6,ne-NP,nepali_16
17,साथी तिमी बेनी बजार गएको छौ?,9f8a47cee5574b287a8f93f5498d81115cf1dfbd718ead4f2265e4400f7de0f017a58a2c8c1245e0d3ceeccffa5b110322c4f784aa8a9785e3219557cb44395e,4.248,ne-NP,nepali_16
18,प्रतियोगिताको तुल पढेपछि टोम्मी रिसी रिक्सा अनि टेक टुक् टुक् भेट्न उत्निखेरै हिँड्यो ।,9f8a47cee5574b287a8f93f5498d81115cf1dfbd718ead4f2265e4400f7de0f017a58a2c8c1245e0d3ceeccffa5b110322c4f784aa8a9785e3219557cb44395e,9.288,ne-NP,nepali_16
19,हामी सबै मिलेर गरे पक्का पनि सकिन्छ ।,9f8a47cee5574b287a8f93f5498d81115cf1dfbd718ead4f2265e4400f7de0f017a58a2c8c1245e0d3ceeccffa5b110322c4f784aa8a9785e3219557cb44395e,3.78,ne-NP,nepali_16
20,को को के के गर्दै हनुहुन्छ?,9f8a47cee5574b287a8f93f5498d81115cf1dfbd718ead4f2265e4400f7de0f017a58a2c8c1245e0d3ceeccffa5b110322c4f784aa8a9785e3219557cb44395e,3.24,ne-NP,nepali_16
21,मलाई बाबालाई फोन गर्न याद दिलाउ है ।,9f8a47cee5574b287a8f93f5498d81115cf1dfbd718ead4f2265e4400f7de0f017a58a2c8c1245e0d3ceeccffa5b110322c4f784aa8a9785e3219557cb44395e,3.996,ne-NP,nepali_16
22,यता नजिक कुनै जुत्ता पसल छ त?,9f8a47cee5574b287a8f93f5498d81115cf1dfbd718ead4f2265e4400f7de0f017a58a2c8c1245e0d3ceeccffa5b110322c4f784aa8a9785e3219557cb44395e,3.708,ne-NP,nepali_16
23,राम्रो खेल खेल्नेले ।,9f8a47cee5574b287a8f93f5498d81115cf1dfbd718ead4f2265e4400f7de0f017a58a2c8c1245e0d3ceeccffa5b110322c4f784aa8a9785e3219557cb44395e,3.06,ne-NP,nepali_16
24,कहीं नभा जात्रा हाँडीगाउमा ।,9f8a47cee5574b287a8f93f5498d81115cf1dfbd718ead4f2265e4400f7de0f017a58a2c8c1245e0d3ceeccffa5b110322c4f784aa8a9785e3219557cb44395e,3.06,ne-NP,nepali_16
25,"रमाइलो भयो भन्छन्, सबै जना साथी ।",9f8a47cee5574b287a8f93f5498d81115cf1dfbd718ead4f2265e4400f7de0f017a58a2c8c1245e0d3ceeccffa5b110322c4f784aa8a9785e3219557cb44395e,3.996,ne-NP,nepali_16
26,"गोल्भेडाको अचार, थपी दिनुस् है ।",9f8a47cee5574b287a8f93f5498d81115cf1dfbd718ead4f2265e4400f7de0f017a58a2c8c1245e0d3ceeccffa5b110322c4f784aa8a9785e3219557cb44395e,3.888,ne-NP,nepali_16
27,भित्ताको पनि कान हुन्छ,9f8a47cee5574b287a8f93f5498d81115cf1dfbd718ead4f2265e4400f7de0f017a58a2c8c1245e0d3ceeccffa5b110322c4f784aa8a9785e3219557cb44395e,3.42,ne-NP,nepali_16
28,अनि यस्को आकार पनि सुपारीको जस्तै हुन्छ ।,9f8a47cee5574b287a8f93f5498d81115cf1dfbd718ead4f2265e4400f7de0f017a58a2c8c1245e0d3ceeccffa5b110322c4f784aa8a9785e3219557cb44395e,4.176,ne-NP,nepali_16
29,स्पेनको समर्थन गर्दै हो म त ।,9f8a47cee5574b287a8f93f5498d81115cf1dfbd718ead4f2265e4400f7de0f017a58a2c8c1245e0d3ceeccffa5b110322c4f784aa8a9785e3219557cb44395e,3.816,ne-NP,nepali_16
30,अाजको तापक्रम कति छ होला?,9f8a47cee5574b287a8f93f5498d81115cf1dfbd718ead4f2265e4400f7de0f017a58a2c8c1245e0d3ceeccffa5b110322c4f784aa8a9785e3219557cb44395e,4.14,ne-NP,nepali_16
31,तँ र बिक्रम बौद्द गएको थियौ हैन?,9f8a47cee5574b287a8f93f5498d81115cf1dfbd718ead4f2265e4400f7de0f017a58a2c8c1245e0d3ceeccffa5b110322c4f784aa8a9785e3219557cb44395e,4.68,ne-NP,nepali_16
32,जनतालाई स्रोतसाधनबाट बाहिर राखे ।,9f8a47cee5574b287a8f93f5498d81115cf1dfbd718ead4f2265e4400f7de0f017a58a2c8c1245e0d3ceeccffa5b110322c4f784aa8a9785e3219557cb44395e,4.788,ne-NP,nepali_16
33,मलाई अलि अलि रुघा लागिरहेको छ ।,9f8a47cee5574b287a8f93f5498d81115cf1dfbd718ead4f2265e4400f7de0f017a58a2c8c1245e0d3ceeccffa5b110322c4f784aa8a9785e3219557cb44395e,4.248,ne-NP,nepali_16
34,अधिकांश ठाउँ बिक्रीमा भएकाले खुला स्थानको माग बढी छ ।,9f8a47cee5574b287a8f93f5498d81115cf1dfbd718ead4f2265e4400f7de0f017a58a2c8c1245e0d3ceeccffa5b110322c4f784aa8a9785e3219557cb44395e,5.796,ne-NP,nepali_16
35,"नेपाल, एक दक्षिण एसियाली भूपरिवेष्ठित हिमाली राष्ट्र हो ।",9f8a47cee5574b287a8f93f5498d81115cf1dfbd718ead4f2265e4400f7de0f017a58a2c8c1245e0d3ceeccffa5b110322c4f784aa8a9785e3219557cb44395e,6.336,ne-NP,nepali_16
36,ढिँडो ओडल्या हो कि के हो?,9f8a47cee5574b287a8f93f5498d81115cf1dfbd718ead4f2265e4400f7de0f017a58a2c8c1245e0d3ceeccffa5b110322c4f784aa8a9785e3219557cb44395e,3.42,ne-NP,nepali_16
37,मैले महसुस गरेँ ।,9f8a47cee5574b287a8f93f5498d81115cf1dfbd718ead4f2265e4400f7de0f017a58a2c8c1245e0d3ceeccffa5b110322c4f784aa8a9785e3219557cb44395e,3.456,ne-NP,nepali_16
38,रात गए अग्राख पलाउँछ,9f8a47cee5574b287a8f93f5498d81115cf1dfbd718ead4f2265e4400f7de0f017a58a2c8c1245e0d3ceeccffa5b110322c4f784aa8a9785e3219557cb44395e,3.456,ne-NP,nepali_16
39,फिल्म खालि हिरो र हिरोइन गीत द्वन्द्व र ग्लसी दृश्यले चल्दैन ।,9f8a47cee5574b287a8f93f5498d81115cf1dfbd718ead4f2265e4400f7de0f017a58a2c8c1245e0d3ceeccffa5b110322c4f784aa8a9785e3219557cb44395e,8.028,ne-NP,nepali_16
40,गर्न थाल्छ म्याँ–म्याँ ।,9f8a47cee5574b287a8f93f5498d81115cf1dfbd718ead4f2265e4400f7de0f017a58a2c8c1245e0d3ceeccffa5b110322c4f784aa8a9785e3219557cb44395e,3.456,ne-NP,nepali_16
41,अहिले आएर इरानले पनि सोही घोषणा गरेको हो ।,9f8a47cee5574b287a8f93f5498d81115cf1dfbd718ead4f2265e4400f7de0f017a58a2c8c1245e0d3ceeccffa5b110322c4f784aa8a9785e3219557cb44395e,4.32,ne-NP,nepali_16
42,अल्ली सेलाको हो कि?,9f8a47cee5574b287a8f93f5498d81115cf1dfbd718ead4f2265e4400f7de0f017a58a2c8c1245e0d3ceeccffa5b110322c4f784aa8a9785e3219557cb44395e,2.988,ne-NP,nepali_16
43,"हुन त, सिक्न खोजेको धेरै भयो।",9f8a47cee5574b287a8f93f5498d81115cf1dfbd718ead4f2265e4400f7de0f017a58a2c8c1245e0d3ceeccffa5b110322c4f784aa8a9785e3219557cb44395e,3.6,ne-NP,nepali_16
44,हामी सबैलाई बधाइ छ है ।,9f8a47cee5574b287a8f93f5498d81115cf1dfbd718ead4f2265e4400f7de0f017a58a2c8c1245e0d3ceeccffa5b110322c4f784aa8a9785e3219557cb44395e,2.916,ne-NP,nepali_16
45,नेपाली भाषालाई हामी सबैले माया गरौँ।,9f8a47cee5574b287a8f93f5498d81115cf1dfbd718ead4f2265e4400f7de0f017a58a2c8c1245e0d3ceeccffa5b110322c4f784aa8a9785e3219557cb44395e,4.176,ne-NP,nepali_16
46,तिम्रो कलेजमा पनि गरौँ न ।,9f8a47cee5574b287a8f93f5498d81115cf1dfbd718ead4f2265e4400f7de0f017a58a2c8c1245e0d3ceeccffa5b110322c4f784aa8a9785e3219557cb44395e,3.348,ne-NP,nepali_16
47,नजिते पनि के भो र!,9f8a47cee5574b287a8f93f5498d81115cf1dfbd718ead4f2265e4400f7de0f017a58a2c8c1245e0d3ceeccffa5b110322c4f784aa8a9785e3219557cb44395e,3.456,ne-NP,nepali_16
48,भात खायौ त?,9f8a47cee5574b287a8f93f5498d81115cf1dfbd718ead4f2265e4400f7de0f017a58a2c8c1245e0d3ceeccffa5b110322c4f784aa8a9785e3219557cb44395e,2.448,ne-NP,nepali_16
49,न बिराउनु न डराउनु,9f8a47cee5574b287a8f93f5498d81115cf1dfbd718ead4f2265e4400f7de0f017a58a2c8c1245e0d3ceeccffa5b110322c4f784aa8a9785e3219557cb44395e,3.06,ne-NP,nepali_16
50,सरकारी बिदा कति दिन छ?,9f8a47cee5574b287a8f93f5498d81115cf1dfbd718ead4f2265e4400f7de0f017a58a2c8c1245e0d3ceeccffa5b110322c4f784aa8a9785e3219557cb44395e,3.168,ne-NP,nepali_16
51,"माफ पाउँ, गल्ती भयो।",9f8a47cee5574b287a8f93f5498d81115cf1dfbd718ead4f2265e4400f7de0f017a58a2c8c1245e0d3ceeccffa5b110322c4f784aa8a9785e3219557cb44395e,3.816,ne-NP,nepali_16
52,त्यसमा सावधानीपूर्वक आफ्नो नाउँ भरे ।,9f8a47cee5574b287a8f93f5498d81115cf1dfbd718ead4f2265e4400f7de0f017a58a2c8c1245e0d3ceeccffa5b110322c4f784aa8a9785e3219557cb44395e,3.78,ne-NP,nepali_16
53,"तर मलाई जहाँ सम्म लाग्छ, यो समस्याको कुरा हैन ।",9f8a47cee5574b287a8f93f5498d81115cf1dfbd718ead4f2265e4400f7de0f017a58a2c8c1245e0d3ceeccffa5b110322c4f784aa8a9785e3219557cb44395e,5.436,ne-NP,nepali_16
54,खोजन बाहिर तिर निस्केर ।,9f8a47cee5574b287a8f93f5498d81115cf1dfbd718ead4f2265e4400f7de0f017a58a2c8c1245e0d3ceeccffa5b110322c4f784aa8a9785e3219557cb44395e,3.24,ne-NP,nepali_16
55,अल्छी लाग्छ मलाई के गर्ने होला?,9f8a47cee5574b287a8f93f5498d81115cf1dfbd718ead4f2265e4400f7de0f017a58a2c8c1245e0d3ceeccffa5b110322c4f784aa8a9785e3219557cb44395e,3.528,ne-NP,nepali_16
56,बिहान उठ्ने बित्तिकै झुल्के घाम देख्न पाईयोस्।,9f8a47cee5574b287a8f93f5498d81115cf1dfbd718ead4f2265e4400f7de0f017a58a2c8c1245e0d3ceeccffa5b110322c4f784aa8a9785e3219557cb44395e,4.788,ne-NP,nepali_16
57,"आए आप, गए झटारो।",9f8a47cee5574b287a8f93f5498d81115cf1dfbd718ead4f2265e4400f7de0f017a58a2c8c1245e0d3ceeccffa5b110322c4f784aa8a9785e3219557cb44395e,3.816,ne-NP,nepali_16
58,"कति मेसेज मात्रै हेरोस बिचराले,यसो भिडियो हेरेर मुड फ्रेश बनावोस भनेर ।",9f8a47cee5574b287a8f93f5498d81115cf1dfbd718ead4f2265e4400f7de0f017a58a2c8c1245e0d3ceeccffa5b110322c4f784aa8a9785e3219557cb44395e,6.948,ne-NP,nepali_16
59,यो समुहमा रमाइलो कुरा हुन्छ है।,9f8a47cee5574b287a8f93f5498d81115cf1dfbd718ead4f2265e4400f7de0f017a58a2c8c1245e0d3ceeccffa5b110322c4f784aa8a9785e3219557cb44395e,3.78,ne-NP,nepali_16
60,थप मर्मतसम्भार तथा सवारी कर पनि जोगिने भयो ।,9f8a47cee5574b287a8f93f5498d81115cf1dfbd718ead4f2265e4400f7de0f017a58a2c8c1245e0d3ceeccffa5b110322c4f784aa8a9785e3219557cb44395e,4.716,ne-NP,nepali_16
61,दहि चिउरा खोज्नु पर्यो।,9f8a47cee5574b287a8f93f5498d81115cf1dfbd718ead4f2265e4400f7de0f017a58a2c8c1245e0d3ceeccffa5b110322c4f784aa8a9785e3219557cb44395e,3.168,ne-NP,nepali_16
62,मेरो त सबै सन्चै छ दाजु ।,9f8a47cee5574b287a8f93f5498d81115cf1dfbd718ead4f2265e4400f7de0f017a58a2c8c1245e0d3ceeccffa5b110322c4f784aa8a9785e3219557cb44395e,2.988,ne-NP,nepali_16
63,पानी सेलाए जस्तै भयो यो त।,9f8a47cee5574b287a8f93f5498d81115cf1dfbd718ead4f2265e4400f7de0f017a58a2c8c1245e0d3ceeccffa5b110322c4f784aa8a9785e3219557cb44395e,3.276,ne-NP,nepali_16
64,त्यसको लागि त नयाँ रोड तिर जानु ।,9f8a47cee5574b287a8f93f5498d81115cf1dfbd718ead4f2265e4400f7de0f017a58a2c8c1245e0d3ceeccffa5b110322c4f784aa8a9785e3219557cb44395e,3.78,ne-NP,nepali_16
65,हाहा! यी वाक्यहरु हाम्रो डाटाबेशमा नजाअोस भनेर तेसरी लेखेको ।,9f8a47cee5574b287a8f93f5498d81115cf1dfbd718ead4f2265e4400f7de0f017a58a2c8c1245e0d3ceeccffa5b110322c4f784aa8a9785e3219557cb44395e,5.688,ne-NP,nepali_16
66,आँखा गोला गोला ।,9f8a47cee5574b287a8f93f5498d81115cf1dfbd718ead4f2265e4400f7de0f017a58a2c8c1245e0d3ceeccffa5b110322c4f784aa8a9785e3219557cb44395e,2.808,ne-NP,nepali_16
67,मेरो नयाँ किनेको मनिटर हल्लियो ।,9f8a47cee5574b287a8f93f5498d81115cf1dfbd718ead4f2265e4400f7de0f017a58a2c8c1245e0d3ceeccffa5b110322c4f784aa8a9785e3219557cb44395e,3.348,ne-NP,nepali_16
68,यो सरकारी कामकाजको भाषा पनि हो ।,9f8a47cee5574b287a8f93f5498d81115cf1dfbd718ead4f2265e4400f7de0f017a58a2c8c1245e0d3ceeccffa5b110322c4f784aa8a9785e3219557cb44395e,3.816,ne-NP,nepali_16
69,काठ्माडाैंमा मोटरसाइकल चलाउन एकदम गाह्रो रहेछ ।,9f8a47cee5574b287a8f93f5498d81115cf1dfbd718ead4f2265e4400f7de0f017a58a2c8c1245e0d3ceeccffa5b110322c4f784aa8a9785e3219557cb44395e,5.148,ne-NP,nepali_16
70,मानव संसाधन विकास भनेको के हो?,9f8a47cee5574b287a8f93f5498d81115cf1dfbd718ead4f2265e4400f7de0f017a58a2c8c1245e0d3ceeccffa5b110322c4f784aa8a9785e3219557cb44395e,3.78,ne-NP,nepali_16
71,पैसा लाग्ला जस्तो लाग्छ।,9f8a47cee5574b287a8f93f5498d81115cf1dfbd718ead4f2265e4400f7de0f017a58a2c8c1245e0d3ceeccffa5b110322c4f784aa8a9785e3219557cb44395e,3.276,ne-NP,nepali_16
72,सबै भन्दा ठूलो मोह हो ।,9f8a47cee5574b287a8f93f5498d81115cf1dfbd718ead4f2265e4400f7de0f017a58a2c8c1245e0d3ceeccffa5b110322c4f784aa8a9785e3219557cb44395e,2.988,ne-NP,nepali_16
73,हामीलाई तेस्तो वाक्यहरुको खाँचो छ ।,9f8a47cee5574b287a8f93f5498d81115cf1dfbd718ead4f2265e4400f7de0f017a58a2c8c1245e0d3ceeccffa5b110322c4f784aa8a9785e3219557cb44395e,3.348,ne-NP,nepali_16
74,यो समुहको फुर्सदिलो सदस्य के मै हो?,9f8a47cee5574b287a8f93f5498d81115cf1dfbd718ead4f2265e4400f7de0f017a58a2c8c1245e0d3ceeccffa5b110322c4f784aa8a9785e3219557cb44395e,4.14,ne-NP,nepali_16
75,कक्षा भित्र गुरुको प्रवेश भयो।,9f8a47cee5574b287a8f93f5498d81115cf1dfbd718ead4f2265e4400f7de0f017a58a2c8c1245e0d3ceeccffa5b110322c4f784aa8a9785e3219557cb44395e,3.6,ne-NP,nepali_16
76,दिनमा खाजा के खाने गर्नुभएको छ?,9f8a47cee5574b287a8f93f5498d81115cf1dfbd718ead4f2265e4400f7de0f017a58a2c8c1245e0d3ceeccffa5b110322c4f784aa8a9785e3219557cb44395e,3.6,ne-NP,nepali_16
77,काठमाडौंमा मेट्रो रेल आउला त?,9f8a47cee5574b287a8f93f5498d81115cf1dfbd718ead4f2265e4400f7de0f017a58a2c8c1245e0d3ceeccffa5b110322c4f784aa8a9785e3219557cb44395e,2.88,ne-NP,nepali_16
78,यही आउँदो शुक्रबार देखी परिक्षा छ ।,9f8a47cee5574b287a8f93f5498d81115cf1dfbd718ead4f2265e4400f7de0f017a58a2c8c1245e0d3ceeccffa5b110322c4f784aa8a9785e3219557cb44395e,3.348,ne-NP,nepali_16
79,बोटलाई नि भिडियो देखाइदिनु भाको?,9f8a47cee5574b287a8f93f5498d81115cf1dfbd718ead4f2265e4400f7de0f017a58a2c8c1245e0d3ceeccffa5b110322c4f784aa8a9785e3219557cb44395e,3.996,ne-NP,nepali_16
80,हामी छिटै सफल हुनेछौ।,9f8a47cee5574b287a8f93f5498d81115cf1dfbd718ead4f2265e4400f7de0f017a58a2c8c1245e0d3ceeccffa5b110322c4f784aa8a9785e3219557cb44395e,2.808,ne-NP,nepali_16
81,"लालुपाते लहलह, मनमा फुलाइदेऊ ।",9f8a47cee5574b287a8f93f5498d81115cf1dfbd718ead4f2265e4400f7de0f017a58a2c8c1245e0d3ceeccffa5b110322c4f784aa8a9785e3219557cb44395e,5.256,ne-NP,nepali_16
82,लौ अखिरमा बाहिरियो जर्मनी पनि ।,9f8a47cee5574b287a8f93f5498d81115cf1dfbd718ead4f2265e4400f7de0f017a58a2c8c1245e0d3ceeccffa5b110322c4f784aa8a9785e3219557cb44395e,4.068,ne-NP,nepali_16
83,ओडा कार्यलय कता छ?,9f8a47cee5574b287a8f93f5498d81115cf1dfbd718ead4f2265e4400f7de0f017a58a2c8c1245e0d3ceeccffa5b110322c4f784aa8a9785e3219557cb44395e,3.096,ne-NP,nepali_16
84,नारायण गोपालको गीत बजाउन है ।,9f8a47cee5574b287a8f93f5498d81115cf1dfbd718ead4f2265e4400f7de0f017a58a2c8c1245e0d3ceeccffa5b110322c4f784aa8a9785e3219557cb44395e,3.78,ne-NP,nepali_16
85,मैले पनि खाना खाइसके ।,9f8a47cee5574b287a8f93f5498d81115cf1dfbd718ead4f2265e4400f7de0f017a58a2c8c1245e0d3ceeccffa5b110322c4f784aa8a9785e3219557cb44395e,2.88,ne-NP,nepali_16
86,"मुखमा राम राम, बगलीमा छुरा",9f8a47cee5574b287a8f93f5498d81115cf1dfbd718ead4f2265e4400f7de0f017a58a2c8c1245e0d3ceeccffa5b110322c4f784aa8a9785e3219557cb44395e,3.78,ne-NP,nepali_16
87,तिमीहरु अस्ति बौद्द किन गएको?,9f8a47cee5574b287a8f93f5498d81115cf1dfbd718ead4f2265e4400f7de0f017a58a2c8c1245e0d3ceeccffa5b110322c4f784aa8a9785e3219557cb44395e,3.816,ne-NP,nepali_16
88,अल्छी लागेर आयो ।,9f8a47cee5574b287a8f93f5498d81115cf1dfbd718ead4f2265e4400f7de0f017a58a2c8c1245e0d3ceeccffa5b110322c4f784aa8a9785e3219557cb44395e,2.7,ne-NP,nepali_16
89,मलाइ एउटा राम्रो फोन किन्नुपरेको छ ।,9f8a47cee5574b287a8f93f5498d81115cf1dfbd718ead4f2265e4400f7de0f017a58a2c8c1245e0d3ceeccffa5b110322c4f784aa8a9785e3219557cb44395e,3.528,ne-NP,nepali_16
90,मेरो पनि त्यहि टिम को समर्थन छ ।,9f8a47cee5574b287a8f93f5498d81115cf1dfbd718ead4f2265e4400f7de0f017a58a2c8c1245e0d3ceeccffa5b110322c4f784aa8a9785e3219557cb44395e,3.24,ne-NP,nepali_16
91,कति बेला के हुन्छ पत्तो नै नहुने भन्या।,9f8a47cee5574b287a8f93f5498d81115cf1dfbd718ead4f2265e4400f7de0f017a58a2c8c1245e0d3ceeccffa5b110322c4f784aa8a9785e3219557cb44395e,3.456,ne-NP,nepali_16
92,काठमाडौं कहिले आइस केटा?,9f8a47cee5574b287a8f93f5498d81115cf1dfbd718ead4f2265e4400f7de0f017a58a2c8c1245e0d3ceeccffa5b110322c4f784aa8a9785e3219557cb44395e,3.528,ne-NP,nepali_16
93,आनन्द आयो नुहाए पछि।,9f8a47cee5574b287a8f93f5498d81115cf1dfbd718ead4f2265e4400f7de0f017a58a2c8c1245e0d3ceeccffa5b110322c4f784aa8a9785e3219557cb44395e,2.628,ne-NP,nepali_16
94,केही संस्कृति तिब्बत र केही भारतसँग मिल्दाजुल्दा छन्।,9f8a47cee5574b287a8f93f5498d81115cf1dfbd718ead4f2265e4400f7de0f017a58a2c8c1245e0d3ceeccffa5b110322c4f784aa8a9785e3219557cb44395e,4.896,ne-NP,nepali_16
95,आज राती पानी परे त भोलि धान रोप्न एकदम सजिलो हुन्थ्यो ।,9f8a47cee5574b287a8f93f5498d81115cf1dfbd718ead4f2265e4400f7de0f017a58a2c8c1245e0d3ceeccffa5b110322c4f784aa8a9785e3219557cb44395e,5.256,ne-NP,nepali_16
96,अब हाम्रो वाक्यहरु चै अलि काम गराउने खालको राखौँ है ।,9f8a47cee5574b287a8f93f5498d81115cf1dfbd718ead4f2265e4400f7de0f017a58a2c8c1245e0d3ceeccffa5b110322c4f784aa8a9785e3219557cb44395e,4.5,ne-NP,nepali_16
97,मलाई अंग्रेजी फिलिमहरु हेर्ने सलाह दिनु परो।,9f8a47cee5574b287a8f93f5498d81115cf1dfbd718ead4f2265e4400f7de0f017a58a2c8c1245e0d3ceeccffa5b110322c4f784aa8a9785e3219557cb44395e,5.148,ne-NP,nepali_16
98,काठमाडौं कुन प्रदेशमा पर्दछ?,9f8a47cee5574b287a8f93f5498d81115cf1dfbd718ead4f2265e4400f7de0f017a58a2c8c1245e0d3ceeccffa5b110322c4f784aa8a9785e3219557cb44395e,3.348,ne-NP,nepali_16
99,के रणनीति थियो र दाई?,9f8a47cee5574b287a8f93f5498d81115cf1dfbd718ead4f2265e4400f7de0f017a58a2c8c1245e0d3ceeccffa5b110322c4f784aa8a9785e3219557cb44395e,3.06,ne-NP,nepali_16
100,न्यु रोड भन्न खोजेको भाइ?,9f8a47cee5574b287a8f93f5498d81115cf1dfbd718ead4f2265e4400f7de0f017a58a2c8c1245e0d3ceeccffa5b110322c4f784aa8a9785e3219557cb44395e,2.88,ne-NP,nepali_16
101,दसैँको टीका कुन दिन मा छ?,9f8a47cee5574b287a8f93f5498d81115cf1dfbd718ead4f2265e4400f7de0f017a58a2c8c1245e0d3ceeccffa5b110322c4f784aa8a9785e3219557cb44395e,3.096,ne-NP,nepali_16
102,होला नि त्यतै ठमेलमा ।,9f8a47cee5574b287a8f93f5498d81115cf1dfbd718ead4f2265e4400f7de0f017a58a2c8c1245e0d3ceeccffa5b110322c4f784aa8a9785e3219557cb44395e,2.628,ne-NP,nepali_16
103,कता कता हुनुहुन्छ हजुरहरु?,9f8a47cee5574b287a8f93f5498d81115cf1dfbd718ead4f2265e4400f7de0f017a58a2c8c1245e0d3ceeccffa5b110322c4f784aa8a9785e3219557cb44395e,3.276,ne-NP,nepali_16
104,आज राष्ट्रपतिको सवारी छ ।,9f8a47cee5574b287a8f93f5498d81115cf1dfbd718ead4f2265e4400f7de0f017a58a2c8c1245e0d3ceeccffa5b110322c4f784aa8a9785e3219557cb44395e,2.736,ne-NP,nepali_16
105,भुक्ने कुकुरले टोक्दैन,9f8a47cee5574b287a8f93f5498d81115cf1dfbd718ead4f2265e4400f7de0f017a58a2c8c1245e0d3ceeccffa5b110322c4f784aa8a9785e3219557cb44395e,2.376,ne-NP,nepali_16
106,म फेरि नेपालीमा बोल्छु है ।,9f8a47cee5574b287a8f93f5498d81115cf1dfbd718ead4f2265e4400f7de0f017a58a2c8c1245e0d3ceeccffa5b110322c4f784aa8a9785e3219557cb44395e,2.88,ne-NP,nepali_16
107,मेरो स्थायी घर चाहिँ चितवन हो ।,9f8a47cee5574b287a8f93f5498d81115cf1dfbd718ead4f2265e4400f7de0f017a58a2c8c1245e0d3ceeccffa5b110322c4f784aa8a9785e3219557cb44395e,3.096,ne-NP,nepali_16
108,रमाइलो भयो हेर्न।,9f8a47cee5574b287a8f93f5498d81115cf1dfbd718ead4f2265e4400f7de0f017a58a2c8c1245e0d3ceeccffa5b110322c4f784aa8a9785e3219557cb44395e,2.52,ne-NP,nepali_16
109,ल ठीक छ ।,9f8a47cee5574b287a8f93f5498d81115cf1dfbd718ead4f2265e4400f7de0f017a58a2c8c1245e0d3ceeccffa5b110322c4f784aa8a9785e3219557cb44395e,2.376,ne-NP,nepali_16
110,अाजभोलि जसको हातमा पनि मोबाइल है?,9f8a47cee5574b287a8f93f5498d81115cf1dfbd718ead4f2265e4400f7de0f017a58a2c8c1245e0d3ceeccffa5b110322c4f784aa8a9785e3219557cb44395e,3.348,ne-NP,nepali_16
111,म हेर्ने!!,9f8a47cee5574b287a8f93f5498d81115cf1dfbd718ead4f2265e4400f7de0f017a58a2c8c1245e0d3ceeccffa5b110322c4f784aa8a9785e3219557cb44395e,1.656,ne-NP,nepali_16
112,कुन फोन किन्दा ठीक होला?,9f8a47cee5574b287a8f93f5498d81115cf1dfbd718ead4f2265e4400f7de0f017a58a2c8c1245e0d3ceeccffa5b110322c4f784aa8a9785e3219557cb44395e,2.916,ne-NP,nepali_16
113,अाज मलाई खुब काम गर्न मन लागेको छ ।,9f8a47cee5574b287a8f93f5498d81115cf1dfbd718ead4f2265e4400f7de0f017a58a2c8c1245e0d3ceeccffa5b110322c4f784aa8a9785e3219557cb44395e,3.276,ne-NP,nepali_16
114,प्रहरीले बीचमा बसेर दुवैथरीलाई रोक्ने ।,9f8a47cee5574b287a8f93f5498d81115cf1dfbd718ead4f2265e4400f7de0f017a58a2c8c1245e0d3ceeccffa5b110322c4f784aa8a9785e3219557cb44395e,3.348,ne-NP,nepali_16
115,यी खानाहरूको बीचमा चिउरा तथा चियाको सेवन पनि गरिन्छ।,9f8a47cee5574b287a8f93f5498d81115cf1dfbd718ead4f2265e4400f7de0f017a58a2c8c1245e0d3ceeccffa5b110322c4f784aa8a9785e3219557cb44395e,4.356,ne-NP,nepali_16
116,घाँटी हेरी हाड निल्नु ।,9f8a47cee5574b287a8f93f5498d81115cf1dfbd718ead4f2265e4400f7de0f017a58a2c8c1245e0d3ceeccffa5b110322c4f784aa8a9785e3219557cb44395e,2.88,ne-NP,nepali_16
117,अँ एक्लै छु।,9f8a47cee5574b287a8f93f5498d81115cf1dfbd718ead4f2265e4400f7de0f017a58a2c8c1245e0d3ceeccffa5b110322c4f784aa8a9785e3219557cb44395e,2.988,ne-NP,nepali_16
118,त्यस समितिले हामीलाई भेटेर कुराकानी गरेको थियो ।,9f8a47cee5574b287a8f93f5498d81115cf1dfbd718ead4f2265e4400f7de0f017a58a2c8c1245e0d3ceeccffa5b110322c4f784aa8a9785e3219557cb44395e,3.708,ne-NP,nepali_16
119,मैदानबाट सुरू भएको करीअर मैदानबाट अन्त्य गर्ने थियो ।,9f8a47cee5574b287a8f93f5498d81115cf1dfbd718ead4f2265e4400f7de0f017a58a2c8c1245e0d3ceeccffa5b110322c4f784aa8a9785e3219557cb44395e,5.4,ne-NP,nepali_16
120,सबैजना आरामै हुनुहुन्छ?,9f8a47cee5574b287a8f93f5498d81115cf1dfbd718ead4f2265e4400f7de0f017a58a2c8c1245e0d3ceeccffa5b110322c4f784aa8a9785e3219557cb44395e,3.168,ne-NP,nepali_16
121,तपाईंको प्रोजेक्ट छिटै सकियोस् है दाजु।,9f8a47cee5574b287a8f93f5498d81115cf1dfbd718ead4f2265e4400f7de0f017a58a2c8c1245e0d3ceeccffa5b110322c4f784aa8a9785e3219557cb44395e,3.24,ne-NP,nepali_16
122,आलु खाएर पेडाको धाक,9f8a47cee5574b287a8f93f5498d81115cf1dfbd718ead4f2265e4400f7de0f017a58a2c8c1245e0d3ceeccffa5b110322c4f784aa8a9785e3219557cb44395e,2.808,ne-NP,nepali_16
123,वाक्यहरु सकेसम्म पुरा लेखौ है साथीहरु ।,9f8a47cee5574b287a8f93f5498d81115cf1dfbd718ead4f2265e4400f7de0f017a58a2c8c1245e0d3ceeccffa5b110322c4f784aa8a9785e3219557cb44395e,3.6,ne-NP,nepali_16
124,तिमी एकदम राम्रो छौ ।,9f8a47cee5574b287a8f93f5498d81115cf1dfbd718ead4f2265e4400f7de0f017a58a2c8c1245e0d3ceeccffa5b110322c4f784aa8a9785e3219557cb44395e,2.7,ne-NP,nepali_16
125,"कस्तो सोच मिलेको, फेरि काम दोब्बर पो गर्नु पर्ने हो की?",9f8a47cee5574b287a8f93f5498d81115cf1dfbd718ead4f2265e4400f7de0f017a58a2c8c1245e0d3ceeccffa5b110322c4f784aa8a9785e3219557cb44395e,5.868,ne-NP,nepali_16
126,नगरकोट कस्तो छ घुम्न जानको लागि?,9f8a47cee5574b287a8f93f5498d81115cf1dfbd718ead4f2265e4400f7de0f017a58a2c8c1245e0d3ceeccffa5b110322c4f784aa8a9785e3219557cb44395e,3.276,ne-NP,nepali_16
127,रमाइलो रैछ त ।,9f8a47cee5574b287a8f93f5498d81115cf1dfbd718ead4f2265e4400f7de0f017a58a2c8c1245e0d3ceeccffa5b110322c4f784aa8a9785e3219557cb44395e,2.808,ne-NP,nepali_16
128,बिस्कुट र चिया खान पनि मिठो हुन्छ ।,9f8a47cee5574b287a8f93f5498d81115cf1dfbd718ead4f2265e4400f7de0f017a58a2c8c1245e0d3ceeccffa5b110322c4f784aa8a9785e3219557cb44395e,3.24,ne-NP,nepali_16
129,हामिले मागेको खण्डमा उपलब्ध गराईन्छ होला त तथ्यांक?,9f8a47cee5574b287a8f93f5498d81115cf1dfbd718ead4f2265e4400f7de0f017a58a2c8c1245e0d3ceeccffa5b110322c4f784aa8a9785e3219557cb44395e,4.86,ne-NP,nepali_16
130,कति चाँडो हो?,9f8a47cee5574b287a8f93f5498d81115cf1dfbd718ead4f2265e4400f7de0f017a58a2c8c1245e0d3ceeccffa5b110322c4f784aa8a9785e3219557cb44395e,2.376,ne-NP,nepali_16
131,काठमाडौँ बाट दक्षिणकालीको बाटो हुदै हेटौडा जादा करिब चार घण्टा लाग्छ ।,9f8a47cee5574b287a8f93f5498d81115cf1dfbd718ead4f2265e4400f7de0f017a58a2c8c1245e0d3ceeccffa5b110322c4f784aa8a9785e3219557cb44395e,4.896,ne-NP,nepali_16
132,हिजो निकै रोमाञ्चक खेल भएको थियो।,9f8a47cee5574b287a8f93f5498d81115cf1dfbd718ead4f2265e4400f7de0f017a58a2c8c1245e0d3ceeccffa5b110322c4f784aa8a9785e3219557cb44395e,3.06,ne-NP,nepali_16
133,टोलीको नाम नौपाङ्ग्रे,9f8a47cee5574b287a8f93f5498d81115cf1dfbd718ead4f2265e4400f7de0f017a58a2c8c1245e0d3ceeccffa5b110322c4f784aa8a9785e3219557cb44395e,2.448,ne-NP,nepali_16
134,गीत र एउटा वाक्य यो समस्या नअाउला ।,9f8a47cee5574b287a8f93f5498d81115cf1dfbd718ead4f2265e4400f7de0f017a58a2c8c1245e0d3ceeccffa5b110322c4f784aa8a9785e3219557cb44395e,3.78,ne-NP,nepali_16
135,"माछापोखरी तिर पानी परिराछ, त्यसैले उता शीतल भएको होला नि।",9f8a47cee5574b287a8f93f5498d81115cf1dfbd718ead4f2265e4400f7de0f017a58a2c8c1245e0d3ceeccffa5b110322c4f784aa8a9785e3219557cb44395e,6.336,ne-NP,nepali_16
136,अब छिटै हामीले काम सुरु गर्न पर्छ ।,9f8a47cee5574b287a8f93f5498d81115cf1dfbd718ead4f2265e4400f7de0f017a58a2c8c1245e0d3ceeccffa5b110322c4f784aa8a9785e3219557cb44395e,3.528,ne-NP,nepali_16
137,पानी जहाज बाग्मतिमा चलाए मात्र सम्भब छ ।,9f8a47cee5574b287a8f93f5498d81115cf1dfbd718ead4f2265e4400f7de0f017a58a2c8c1245e0d3ceeccffa5b110322c4f784aa8a9785e3219557cb44395e,3.528,ne-NP,nepali_16
138,सिमरा तराईमा पर्छ ।,9f8a47cee5574b287a8f93f5498d81115cf1dfbd718ead4f2265e4400f7de0f017a58a2c8c1245e0d3ceeccffa5b110322c4f784aa8a9785e3219557cb44395e,2.7,ne-NP,nepali_16
139,म तपाईंको कार्यको लागि सक्षम छु कि छैन?,9f8a47cee5574b287a8f93f5498d81115cf1dfbd718ead4f2265e4400f7de0f017a58a2c8c1245e0d3ceeccffa5b110322c4f784aa8a9785e3219557cb44395e,3.888,ne-NP,nepali_16
140,कुन फिलिम हेर्दै हुनुहुन्छ रोशन दाइ?,9f8a47cee5574b287a8f93f5498d81115cf1dfbd718ead4f2265e4400f7de0f017a58a2c8c1245e0d3ceeccffa5b110322c4f784aa8a9785e3219557cb44395e,3.6,ne-NP,nepali_16
141,सबैभन्दा त वातावरणमा ठूलो योगदान हुने भयो सन्तानको सुरक्षित भविष्यका लागि ।,9f8a47cee5574b287a8f93f5498d81115cf1dfbd718ead4f2265e4400f7de0f017a58a2c8c1245e0d3ceeccffa5b110322c4f784aa8a9785e3219557cb44395e,6.048,ne-NP,nepali_16
142,मध्य रात देखि लगातार देशभरि पानी परिरहेको छ ।,9f8a47cee5574b287a8f93f5498d81115cf1dfbd718ead4f2265e4400f7de0f017a58a2c8c1245e0d3ceeccffa5b110322c4f784aa8a9785e3219557cb44395e,4.176,ne-NP,nepali_16
143,क्यामेरा खोल ।,9f8a47cee5574b287a8f93f5498d81115cf1dfbd718ead4f2265e4400f7de0f017a58a2c8c1245e0d3ceeccffa5b110322c4f784aa8a9785e3219557cb44395e,2.52,ne-NP,nepali_16
144,आमा लाई फोन लगाऊ ।,0142a5d130e7fb1d6435cf711c230cda2631aac457b40578f78ce5379713dfeca4a804e61706697ffa10adf0667f4d17ae2acc739859b1b338332fc346a080d5,2.916,ne-NP,nepali_16
145,अनि रोचक हुन्छ यो पेनाल्टी कप।,0142a5d130e7fb1d6435cf711c230cda2631aac457b40578f78ce5379713dfeca4a804e61706697ffa10adf0667f4d17ae2acc739859b1b338332fc346a080d5,3.528,ne-NP,nepali_16
146,जे भए नि खाम है भोको बस्दा रोगले सताउँछ ।,0142a5d130e7fb1d6435cf711c230cda2631aac457b40578f78ce5379713dfeca4a804e61706697ffa10adf0667f4d17ae2acc739859b1b338332fc346a080d5,4.068,ne-NP,nepali_16
147,"कोही चढे साइकल, घण्टी टिन टिन ।",0142a5d130e7fb1d6435cf711c230cda2631aac457b40578f78ce5379713dfeca4a804e61706697ffa10adf0667f4d17ae2acc739859b1b338332fc346a080d5,3.636,ne-NP,nepali_16
148,दिदी लाई दर खाना बोलाउ ।,0142a5d130e7fb1d6435cf711c230cda2631aac457b40578f78ce5379713dfeca4a804e61706697ffa10adf0667f4d17ae2acc739859b1b338332fc346a080d5,2.988,ne-NP,nepali_16
149,म परेको छु धेरै चोटि ।,0142a5d130e7fb1d6435cf711c230cda2631aac457b40578f78ce5379713dfeca4a804e61706697ffa10adf0667f4d17ae2acc739859b1b338332fc346a080d5,3.168,ne-NP,nepali_16
150,बधाई छ रमाइलो भएछ ।,0142a5d130e7fb1d6435cf711c230cda2631aac457b40578f78ce5379713dfeca4a804e61706697ffa10adf0667f4d17ae2acc739859b1b338332fc346a080d5,2.628,ne-NP,nepali_16
151,हात्तीको मुखमा जिरा,0142a5d130e7fb1d6435cf711c230cda2631aac457b40578f78ce5379713dfeca4a804e61706697ffa10adf0667f4d17ae2acc739859b1b338332fc346a080d5,2.556,ne-NP,nepali_16
152,अाज अलि गर्मी कम छ जस्तो लागिराछ मलाई ।,0142a5d130e7fb1d6435cf711c230cda2631aac457b40578f78ce5379713dfeca4a804e61706697ffa10adf0667f4d17ae2acc739859b1b338332fc346a080d5,3.708,ne-NP,nepali_16
153,अहिले सम्मको खेल हेर्दा त त्यस्तै देखिन्छ ।,0142a5d130e7fb1d6435cf711c230cda2631aac457b40578f78ce5379713dfeca4a804e61706697ffa10adf0667f4d17ae2acc739859b1b338332fc346a080d5,3.276,ne-NP,nepali_16
154,तेस्तै छ भाइ अाज भोलि ।,0142a5d130e7fb1d6435cf711c230cda2631aac457b40578f78ce5379713dfeca4a804e61706697ffa10adf0667f4d17ae2acc739859b1b338332fc346a080d5,2.7,ne-NP,nepali_16
155,लगभग सबैलाई यो कुरा थाहा छ ।,0142a5d130e7fb1d6435cf711c230cda2631aac457b40578f78ce5379713dfeca4a804e61706697ffa10adf0667f4d17ae2acc739859b1b338332fc346a080d5,3.06,ne-NP,nepali_16
156,"बाल बालिकाको पठन सिप बढाउन, मनोरञ्जन प्रदान गर्न",0142a5d130e7fb1d6435cf711c230cda2631aac457b40578f78ce5379713dfeca4a804e61706697ffa10adf0667f4d17ae2acc739859b1b338332fc346a080d5,4.356,ne-NP,nepali_16
157,आफ्नो आङ्ग्को भैसी नदेख्ने अर्का को अङ्गको जुम्रा देखने,0142a5d130e7fb1d6435cf711c230cda2631aac457b40578f78ce5379713dfeca4a804e61706697ffa10adf0667f4d17ae2acc739859b1b338332fc346a080d5,3.78,ne-NP,nepali_16
158,उसको दिन बलियो थियो ।,0142a5d130e7fb1d6435cf711c230cda2631aac457b40578f78ce5379713dfeca4a804e61706697ffa10adf0667f4d17ae2acc739859b1b338332fc346a080d5,2.196,ne-NP,nepali_16
159,"मामाघर गाउँमा छ, रमाइलो ठाउँमा छ ।",0142a5d130e7fb1d6435cf711c230cda2631aac457b40578f78ce5379713dfeca4a804e61706697ffa10adf0667f4d17ae2acc739859b1b338332fc346a080d5,3.24,ne-NP,nepali_16
160,यो गर्मी महिनामा हिड्न चै गारो हुने ।,0142a5d130e7fb1d6435cf711c230cda2631aac457b40578f78ce5379713dfeca4a804e61706697ffa10adf0667f4d17ae2acc739859b1b338332fc346a080d5,3.096,ne-NP,nepali_16
161,विश्वबजारमा नेपाली ब्रान्ड बिरलै छन् ।,0142a5d130e7fb1d6435cf711c230cda2631aac457b40578f78ce5379713dfeca4a804e61706697ffa10adf0667f4d17ae2acc739859b1b338332fc346a080d5,3.528,ne-NP,nepali_16
162,भुकम्प अाएको क-कसले थाहा पाउनु भयो?,0142a5d130e7fb1d6435cf711c230cda2631aac457b40578f78ce5379713dfeca4a804e61706697ffa10adf0667f4d17ae2acc739859b1b338332fc346a080d5,3.456,ne-NP,nepali_16
163,काम गर्ने कालु मकै खाने भालु,0142a5d130e7fb1d6435cf711c230cda2631aac457b40578f78ce5379713dfeca4a804e61706697ffa10adf0667f4d17ae2acc739859b1b338332fc346a080d5,3.276,ne-NP,nepali_16
164,त्यतिबेला जनताले पनि पत्याउनेछन् ।,0142a5d130e7fb1d6435cf711c230cda2631aac457b40578f78ce5379713dfeca4a804e61706697ffa10adf0667f4d17ae2acc739859b1b338332fc346a080d5,3.6,ne-NP,nepali_16
165,"आगो लाग्यो दिलैमा,दमकल बोलाइदेउन ।",0142a5d130e7fb1d6435cf711c230cda2631aac457b40578f78ce5379713dfeca4a804e61706697ffa10adf0667f4d17ae2acc739859b1b338332fc346a080d5,3.96,ne-NP,nepali_16
166,मकैको रोटी,0142a5d130e7fb1d6435cf711c230cda2631aac457b40578f78ce5379713dfeca4a804e61706697ffa10adf0667f4d17ae2acc739859b1b338332fc346a080d5,2.016,ne-NP,nepali_16
167,सित्तल भयो।,0142a5d130e7fb1d6435cf711c230cda2631aac457b40578f78ce5379713dfeca4a804e61706697ffa10adf0667f4d17ae2acc739859b1b338332fc346a080d5,1.8,ne-NP,nepali_16
168,पानी आयो भने चाहिँ थाप्नु पर्ने छ ।,0142a5d130e7fb1d6435cf711c230cda2631aac457b40578f78ce5379713dfeca4a804e61706697ffa10adf0667f4d17ae2acc739859b1b338332fc346a080d5,3.168,ne-NP,nepali_16
169,अाजको मौसम कस्तो छ?,0142a5d130e7fb1d6435cf711c230cda2631aac457b40578f78ce5379713dfeca4a804e61706697ffa10adf0667f4d17ae2acc739859b1b338332fc346a080d5,2.268,ne-NP,nepali_16
170,जापानले गजव खेल्यो!,0142a5d130e7fb1d6435cf711c230cda2631aac457b40578f78ce5379713dfeca4a804e61706697ffa10adf0667f4d17ae2acc739859b1b338332fc346a080d5,2.376,ne-NP,nepali_16
171,मैले एक पटक कलेज मा कुरा गर्नु पर्छ अनि भन्छु नी है ।,0142a5d130e7fb1d6435cf711c230cda2631aac457b40578f78ce5379713dfeca4a804e61706697ffa10adf0667f4d17ae2acc739859b1b338332fc346a080d5,3.816,ne-NP,nepali_16
172,जो आग्या दाइ ।,0142a5d130e7fb1d6435cf711c230cda2631aac457b40578f78ce5379713dfeca4a804e61706697ffa10adf0667f4d17ae2acc739859b1b338332fc346a080d5,2.808,ne-NP,nepali_16
173,आफूलाई मन पर्ने भनेको विश्वास लागेको मन छोएको फिल्म हो ।,0142a5d130e7fb1d6435cf711c230cda2631aac457b40578f78ce5379713dfeca4a804e61706697ffa10adf0667f4d17ae2acc739859b1b338332fc346a080d5,4.356,ne-NP,nepali_16
174,को को कता हुनुहुन्छ?,0142a5d130e7fb1d6435cf711c230cda2631aac457b40578f78ce5379713dfeca4a804e61706697ffa10adf0667f4d17ae2acc739859b1b338332fc346a080d5,2.34,ne-NP,nepali_16
175,"पोखरा त थाहा भएन, मेरो एउटा साथीले चितवनको चाहिँ खुब गफ हान्थ्यो।",0142a5d130e7fb1d6435cf711c230cda2631aac457b40578f78ce5379713dfeca4a804e61706697ffa10adf0667f4d17ae2acc739859b1b338332fc346a080d5,4.716,ne-NP,nepali_16
176,मैले चाँहि आलु र चिचिन्डो को तरकारी बनाएँ है।,0142a5d130e7fb1d6435cf711c230cda2631aac457b40578f78ce5379713dfeca4a804e61706697ffa10adf0667f4d17ae2acc739859b1b338332fc346a080d5,3.78,ne-NP,nepali_16
177,गोपालको ड्युटि प्रायः भोटाहिटीको आकाशे पुलनिर पर्दथ्यो ।,0142a5d130e7fb1d6435cf711c230cda2631aac457b40578f78ce5379713dfeca4a804e61706697ffa10adf0667f4d17ae2acc739859b1b338332fc346a080d5,5.148,ne-NP,nepali_16
178,हो भन्या।,0142a5d130e7fb1d6435cf711c230cda2631aac457b40578f78ce5379713dfeca4a804e61706697ffa10adf0667f4d17ae2acc739859b1b338332fc346a080d5,1.728,ne-NP,nepali_16
179,परीक्षा थियो दाजु अनि हराइयो।,0142a5d130e7fb1d6435cf711c230cda2631aac457b40578f78ce5379713dfeca4a804e61706697ffa10adf0667f4d17ae2acc739859b1b338332fc346a080d5,2.7,ne-NP,nepali_16
180,यदि त्यो वाक्य कसैको वाक्यसँग मिल्न गएमा के हुन्छ नि?,0142a5d130e7fb1d6435cf711c230cda2631aac457b40578f78ce5379713dfeca4a804e61706697ffa10adf0667f4d17ae2acc739859b1b338332fc346a080d5,4.14,ne-NP,nepali_16
181,म अहिले भक्तपुरमा छु यहाँ पनि सितल नै छ।,0142a5d130e7fb1d6435cf711c230cda2631aac457b40578f78ce5379713dfeca4a804e61706697ffa10adf0667f4d17ae2acc739859b1b338332fc346a080d5,3.348,ne-NP,nepali_16
182,तिम्ले के के गर्न सक्छौ?,0142a5d130e7fb1d6435cf711c230cda2631aac457b40578f78ce5379713dfeca4a804e61706697ffa10adf0667f4d17ae2acc739859b1b338332fc346a080d5,2.448,ne-NP,nepali_16
183,आफ्नो काम र सोचबारे पुनर्विचार गर्नु जरुरी छ ।,0142a5d130e7fb1d6435cf711c230cda2631aac457b40578f78ce5379713dfeca4a804e61706697ffa10adf0667f4d17ae2acc739859b1b338332fc346a080d5,4.14,ne-NP,nepali_16
184,"पोखरा त नेपालकै सफा सहर हो नि,सायद धुलो कम नै होला ।",0142a5d130e7fb1d6435cf711c230cda2631aac457b40578f78ce5379713dfeca4a804e61706697ffa10adf0667f4d17ae2acc739859b1b338332fc346a080d5,4.248,ne-NP,nepali_16
185,मेरो घर चै बेनी बजार है ।,0142a5d130e7fb1d6435cf711c230cda2631aac457b40578f78ce5379713dfeca4a804e61706697ffa10adf0667f4d17ae2acc739859b1b338332fc346a080d5,2.988,ne-NP,nepali_16
186,मानव विकासको महत्तव उल्लेख गर्नुहोस् ।,0142a5d130e7fb1d6435cf711c230cda2631aac457b40578f78ce5379713dfeca4a804e61706697ffa10adf0667f4d17ae2acc739859b1b338332fc346a080d5,3.528,ne-NP,nepali_16
187,खाना खायौं?,0142a5d130e7fb1d6435cf711c230cda2631aac457b40578f78ce5379713dfeca4a804e61706697ffa10adf0667f4d17ae2acc739859b1b338332fc346a080d5,2.34,ne-NP,nepali_16
188,भर्खरै खुलामञ्चबाट जजसका टहरा भत्काइए उनीहरूलाई यस्तै लागिरहेको होला ।,0142a5d130e7fb1d6435cf711c230cda2631aac457b40578f78ce5379713dfeca4a804e61706697ffa10adf0667f4d17ae2acc739859b1b338332fc346a080d5,5.688,ne-NP,nepali_16
189,मिठा मिठा गफगाफ गरौँ है।,0142a5d130e7fb1d6435cf711c230cda2631aac457b40578f78ce5379713dfeca4a804e61706697ffa10adf0667f4d17ae2acc739859b1b338332fc346a080d5,2.88,ne-NP,nepali_16
190,चोभार तिर त चिसै होला है।,0142a5d130e7fb1d6435cf711c230cda2631aac457b40578f78ce5379713dfeca4a804e61706697ffa10adf0667f4d17ae2acc739859b1b338332fc346a080d5,2.808,ne-NP,nepali_16
191,उनीहरूले विरोध गर्न पाउनुपर्ने तर्क राखे ।,0142a5d130e7fb1d6435cf711c230cda2631aac457b40578f78ce5379713dfeca4a804e61706697ffa10adf0667f4d17ae2acc739859b1b338332fc346a080d5,3.24,ne-NP,nepali_16
192,देशका लागि खेलियो ।,0142a5d130e7fb1d6435cf711c230cda2631aac457b40578f78ce5379713dfeca4a804e61706697ffa10adf0667f4d17ae2acc739859b1b338332fc346a080d5,2.268,ne-NP,nepali_16
193,मुलुक पछि पर्यो ।,0142a5d130e7fb1d6435cf711c230cda2631aac457b40578f78ce5379713dfeca4a804e61706697ffa10adf0667f4d17ae2acc739859b1b338332fc346a080d5,2.088,ne-NP,nepali_16
194,झुल लगाएर सुत्नु अब आज चाहीं ।,0142a5d130e7fb1d6435cf711c230cda2631aac457b40578f78ce5379713dfeca4a804e61706697ffa10adf0667f4d17ae2acc739859b1b338332fc346a080d5,2.88,ne-NP,nepali_16
195,मोबाइल को सहि सदुपयोग हुनुपर्छ ।,0142a5d130e7fb1d6435cf711c230cda2631aac457b40578f78ce5379713dfeca4a804e61706697ffa10adf0667f4d17ae2acc739859b1b338332fc346a080d5,2.916,ne-NP,nepali_16
196,गीत सुन्दै काम गर्दै बस्न रमाइलो हुन्छ ।,0142a5d130e7fb1d6435cf711c230cda2631aac457b40578f78ce5379713dfeca4a804e61706697ffa10adf0667f4d17ae2acc739859b1b338332fc346a080d5,3.096,ne-NP,nepali_16
197,रुघा चाडै निको होस् हजुरलाइ ।,0142a5d130e7fb1d6435cf711c230cda2631aac457b40578f78ce5379713dfeca4a804e61706697ffa10adf0667f4d17ae2acc739859b1b338332fc346a080d5,2.916,ne-NP,nepali_16
198,"रबिन, तिम्रो कलेजमा कहिले कार्यक्रम गर्न सकिन्छ?",0142a5d130e7fb1d6435cf711c230cda2631aac457b40578f78ce5379713dfeca4a804e61706697ffa10adf0667f4d17ae2acc739859b1b338332fc346a080d5,3.528,ne-NP,nepali_16
199,रोएजस्तो प्याँ–प्याँ ।,0142a5d130e7fb1d6435cf711c230cda2631aac457b40578f78ce5379713dfeca4a804e61706697ffa10adf0667f4d17ae2acc739859b1b338332fc346a080d5,2.808,ne-NP,nepali_16
200,के भन्न खोजेको तिमीले?,0142a5d130e7fb1d6435cf711c230cda2631aac457b40578f78ce5379713dfeca4a804e61706697ffa10adf0667f4d17ae2acc739859b1b338332fc346a080d5,2.268,ne-NP,nepali_16
201,"ए ए, भयो त ल्यापटप मर्मत?",0142a5d130e7fb1d6435cf711c230cda2631aac457b40578f78ce5379713dfeca4a804e61706697ffa10adf0667f4d17ae2acc739859b1b338332fc346a080d5,3.78,ne-NP,nepali_16
202,चरी बोल्यो चिरबिर ।,0142a5d130e7fb1d6435cf711c230cda2631aac457b40578f78ce5379713dfeca4a804e61706697ffa10adf0667f4d17ae2acc739859b1b338332fc346a080d5,2.808,ne-NP,nepali_16
203,ल बधाई छ ।,0142a5d130e7fb1d6435cf711c230cda2631aac457b40578f78ce5379713dfeca4a804e61706697ffa10adf0667f4d17ae2acc739859b1b338332fc346a080d5,2.268,ne-NP,nepali_16
204,तरकारी चाहिँ पकाउन लगाउन पर्ला जस्तो छ ।,0142a5d130e7fb1d6435cf711c230cda2631aac457b40578f78ce5379713dfeca4a804e61706697ffa10adf0667f4d17ae2acc739859b1b338332fc346a080d5,3.6,ne-NP,nepali_16
205,आफूले चुनाव जिते पुग्यो ।,0142a5d130e7fb1d6435cf711c230cda2631aac457b40578f78ce5379713dfeca4a804e61706697ffa10adf0667f4d17ae2acc739859b1b338332fc346a080d5,3.24,ne-NP,nepali_16
206,राजा बस्ने कुर्सी सार्है ठूलो थियो।,0142a5d130e7fb1d6435cf711c230cda2631aac457b40578f78ce5379713dfeca4a804e61706697ffa10adf0667f4d17ae2acc739859b1b338332fc346a080d5,3.276,ne-NP,nepali_16
207,जसको शक्ति उसकै भक्ति,0142a5d130e7fb1d6435cf711c230cda2631aac457b40578f78ce5379713dfeca4a804e61706697ffa10adf0667f4d17ae2acc739859b1b338332fc346a080d5,2.556,ne-NP,nepali_16
208,सकेसम्म यसरी पुरा लेख्ने गरौँ है ।,0142a5d130e7fb1d6435cf711c230cda2631aac457b40578f78ce5379713dfeca4a804e61706697ffa10adf0667f4d17ae2acc739859b1b338332fc346a080d5,3.24,ne-NP,nepali_16
209,सुपारी आप ककस्ले खानु भाछ त?,0142a5d130e7fb1d6435cf711c230cda2631aac457b40578f78ce5379713dfeca4a804e61706697ffa10adf0667f4d17ae2acc739859b1b338332fc346a080d5,2.988,ne-NP,nepali_16
210,बाँदरको हातमा नरिवल,0142a5d130e7fb1d6435cf711c230cda2631aac457b40578f78ce5379713dfeca4a804e61706697ffa10adf0667f4d17ae2acc739859b1b338332fc346a080d5,2.088,ne-NP,nepali_16
211,यी हातले सधैं सधैं नेपाल लेख्न पाइयोस्।,0142a5d130e7fb1d6435cf711c230cda2631aac457b40578f78ce5379713dfeca4a804e61706697ffa10adf0667f4d17ae2acc739859b1b338332fc346a080d5,3.636,ne-NP,nepali_16
212,गफ पनि बढाउन पर्यो अब त ।,0142a5d130e7fb1d6435cf711c230cda2631aac457b40578f78ce5379713dfeca4a804e61706697ffa10adf0667f4d17ae2acc739859b1b338332fc346a080d5,2.628,ne-NP,nepali_16
213,"ज्ञानभूमि, शान्तिभूमि तराई, पहाड, हिमाल",0142a5d130e7fb1d6435cf711c230cda2631aac457b40578f78ce5379713dfeca4a804e61706697ffa10adf0667f4d17ae2acc739859b1b338332fc346a080d5,4.248,ne-NP,nepali_16
214,सानो–सानो घैलाभरि पानी भर्छु म ।,0142a5d130e7fb1d6435cf711c230cda2631aac457b40578f78ce5379713dfeca4a804e61706697ffa10adf0667f4d17ae2acc739859b1b338332fc346a080d5,3.06,ne-NP,nepali_16
215,"हाहा ल भाइ, रमाइलो गर ।",0142a5d130e7fb1d6435cf711c230cda2631aac457b40578f78ce5379713dfeca4a804e61706697ffa10adf0667f4d17ae2acc739859b1b338332fc346a080d5,2.628,ne-NP,nepali_16
216,"भुटी फुल पारी, राख्ने पाथी भरी ।",0142a5d130e7fb1d6435cf711c230cda2631aac457b40578f78ce5379713dfeca4a804e61706697ffa10adf0667f4d17ae2acc739859b1b338332fc346a080d5,3.6,ne-NP,nepali_16
217,राम त मेरो आफन्त हो नि ।,0142a5d130e7fb1d6435cf711c230cda2631aac457b40578f78ce5379713dfeca4a804e61706697ffa10adf0667f4d17ae2acc739859b1b338332fc346a080d5,2.52,ne-NP,nepali_16
218,आमाले मीठो सेल रोटी पकाउनु भयो ।,0142a5d130e7fb1d6435cf711c230cda2631aac457b40578f78ce5379713dfeca4a804e61706697ffa10adf0667f4d17ae2acc739859b1b338332fc346a080d5,2.7,ne-NP,nepali_16
219,नखाउँ होला!,0142a5d130e7fb1d6435cf711c230cda2631aac457b40578f78ce5379713dfeca4a804e61706697ffa10adf0667f4d17ae2acc739859b1b338332fc346a080d5,2.52,ne-NP,nepali_16
220,सस्तो तरकारी कता पाउछ?,0142a5d130e7fb1d6435cf711c230cda2631aac457b40578f78ce5379713dfeca4a804e61706697ffa10adf0667f4d17ae2acc739859b1b338332fc346a080d5,2.916,ne-NP,nepali_16
221,अाजको दिन कस्तो भयो?,0142a5d130e7fb1d6435cf711c230cda2631aac457b40578f78ce5379713dfeca4a804e61706697ffa10adf0667f4d17ae2acc739859b1b338332fc346a080d5,2.556,ne-NP,nepali_16
222,अहिले अलिकति सञ्चो भएको अनुभूति भइरहेको छ।,0142a5d130e7fb1d6435cf711c230cda2631aac457b40578f78ce5379713dfeca4a804e61706697ffa10adf0667f4d17ae2acc739859b1b338332fc346a080d5,3.636,ne-NP,nepali_16
223,आज बिदामा बसियो! घुमघाम गर्दै।,0142a5d130e7fb1d6435cf711c230cda2631aac457b40578f78ce5379713dfeca4a804e61706697ffa10adf0667f4d17ae2acc739859b1b338332fc346a080d5,3.168,ne-NP,nepali_16
224,पशुपति मन्दिर मा आरती कुन समयमा हुन्छ?,0142a5d130e7fb1d6435cf711c230cda2631aac457b40578f78ce5379713dfeca4a804e61706697ffa10adf0667f4d17ae2acc739859b1b338332fc346a080d5,3.636,ne-NP,nepali_16
225,रमाइलो रहेछ त ।,0142a5d130e7fb1d6435cf711c230cda2631aac457b40578f78ce5379713dfeca4a804e61706697ffa10adf0667f4d17ae2acc739859b1b338332fc346a080d5,2.448,ne-NP,nepali_16
226,गफ गाफ गर्दै गरम!,0142a5d130e7fb1d6435cf711c230cda2631aac457b40578f78ce5379713dfeca4a804e61706697ffa10adf0667f4d17ae2acc739859b1b338332fc346a080d5,2.628,ne-NP,nepali_16
227,रैला हान्ने हो आज त ।,0142a5d130e7fb1d6435cf711c230cda2631aac457b40578f78ce5379713dfeca4a804e61706697ffa10adf0667f4d17ae2acc739859b1b338332fc346a080d5,2.268,ne-NP,nepali_16
228,अहिले सम्म कसैले भन्या छैनन् है यो चाहिँ।,0142a5d130e7fb1d6435cf711c230cda2631aac457b40578f78ce5379713dfeca4a804e61706697ffa10adf0667f4d17ae2acc739859b1b338332fc346a080d5,3.168,ne-NP,nepali_16
229,यती विघ्न त कहीँ पनि नहोला सायद!,0142a5d130e7fb1d6435cf711c230cda2631aac457b40578f78ce5379713dfeca4a804e61706697ffa10adf0667f4d17ae2acc739859b1b338332fc346a080d5,3.06,ne-NP,nepali_16
230,हाहाहा के हेर्छौ त?,0142a5d130e7fb1d6435cf711c230cda2631aac457b40578f78ce5379713dfeca4a804e61706697ffa10adf0667f4d17ae2acc739859b1b338332fc346a080d5,3.06,ne-NP,nepali_16
231,अखिलका यी भाइहरूले कसैले लगाएअनुसार विरोध गरेका हुन् भन्ने स्पष्टै बुझिन्थ्यो ।,0142a5d130e7fb1d6435cf711c230cda2631aac457b40578f78ce5379713dfeca4a804e61706697ffa10adf0667f4d17ae2acc739859b1b338332fc346a080d5,6.156,ne-NP,nepali_16
232,खाजा खाने बेला भैसक्यो.,0142a5d130e7fb1d6435cf711c230cda2631aac457b40578f78ce5379713dfeca4a804e61706697ffa10adf0667f4d17ae2acc739859b1b338332fc346a080d5,2.808,ne-NP,nepali_16
233,"नाच्न नजान्ने, अगान टेड़ो",0142a5d130e7fb1d6435cf711c230cda2631aac457b40578f78ce5379713dfeca4a804e61706697ffa10adf0667f4d17ae2acc739859b1b338332fc346a080d5,3.168,ne-NP,nepali_16
234,भात कासी पुग्न लाग्यो म त खानतिर लागे है।,0142a5d130e7fb1d6435cf711c230cda2631aac457b40578f78ce5379713dfeca4a804e61706697ffa10adf0667f4d17ae2acc739859b1b338332fc346a080d5,3.348,ne-NP,nepali_16
235,ल तिमिले किन अंग्रेजि बोलेको?,0142a5d130e7fb1d6435cf711c230cda2631aac457b40578f78ce5379713dfeca4a804e61706697ffa10adf0667f4d17ae2acc739859b1b338332fc346a080d5,3.708,ne-NP,nepali_16
236,चाडैँ निको होस् साथी तिमीलाई ।,0142a5d130e7fb1d6435cf711c230cda2631aac457b40578f78ce5379713dfeca4a804e61706697ffa10adf0667f4d17ae2acc739859b1b338332fc346a080d5,3.06,ne-NP,nepali_16
237,भन्नुहुन्छ नातिनीलाई कस्तो सुहा’को ।,0142a5d130e7fb1d6435cf711c230cda2631aac457b40578f78ce5379713dfeca4a804e61706697ffa10adf0667f4d17ae2acc739859b1b338332fc346a080d5,3.348,ne-NP,nepali_16
238,मानव विकासको आवश्यकता चार बुदाँँमा भन्नुहोस् ।,0142a5d130e7fb1d6435cf711c230cda2631aac457b40578f78ce5379713dfeca4a804e61706697ffa10adf0667f4d17ae2acc739859b1b338332fc346a080d5,4.14,ne-NP,nepali_16
239,हिजो पार्टीमा धेरै रक्सि खाइएछ ।,0142a5d130e7fb1d6435cf711c230cda2631aac457b40578f78ce5379713dfeca4a804e61706697ffa10adf0667f4d17ae2acc739859b1b338332fc346a080d5,3.096,ne-NP,nepali_16
240,थप श्रोतहरु,0142a5d130e7fb1d6435cf711c230cda2631aac457b40578f78ce5379713dfeca4a804e61706697ffa10adf0667f4d17ae2acc739859b1b338332fc346a080d5,2.34,ne-NP,nepali_16
241,तेस्तै लाग्यो मलाई पनि ।,0142a5d130e7fb1d6435cf711c230cda2631aac457b40578f78ce5379713dfeca4a804e61706697ffa10adf0667f4d17ae2acc739859b1b338332fc346a080d5,2.52,ne-NP,nepali_16
242,राणाशाहीले नेपाललाई बिर्ता र मौजामा बाँडे ।,0142a5d130e7fb1d6435cf711c230cda2631aac457b40578f78ce5379713dfeca4a804e61706697ffa10adf0667f4d17ae2acc739859b1b338332fc346a080d5,4.896,ne-NP,nepali_16
243,के छ खबर साथीहरु?,0142a5d130e7fb1d6435cf711c230cda2631aac457b40578f78ce5379713dfeca4a804e61706697ffa10adf0667f4d17ae2acc739859b1b338332fc346a080d5,2.988,ne-NP,nepali_16
244,एक हातले तालि बज्दैन,0142a5d130e7fb1d6435cf711c230cda2631aac457b40578f78ce5379713dfeca4a804e61706697ffa10adf0667f4d17ae2acc739859b1b338332fc346a080d5,2.448,ne-NP,nepali_16
245,अाज एक्कासि रुघा लाग्न थाल्यो ।,0142a5d130e7fb1d6435cf711c230cda2631aac457b40578f78ce5379713dfeca4a804e61706697ffa10adf0667f4d17ae2acc739859b1b338332fc346a080d5,2.808,ne-NP,nepali_16
246,घोडा चड्ने लड्छ,0142a5d130e7fb1d6435cf711c230cda2631aac457b40578f78ce5379713dfeca4a804e61706697ffa10adf0667f4d17ae2acc739859b1b338332fc346a080d5,2.448,ne-NP,nepali_16
247,"तर पनि, ब्राजिल र मेक्सिको मा कस्ले जिते हुन्थ्यो जस्तो लाग्छ हजुरलाई?",0142a5d130e7fb1d6435cf711c230cda2631aac457b40578f78ce5379713dfeca4a804e61706697ffa10adf0667f4d17ae2acc739859b1b338332fc346a080d5,4.716,ne-NP,nepali_16
248,पसिना भो खलखल ।,0142a5d130e7fb1d6435cf711c230cda2631aac457b40578f78ce5379713dfeca4a804e61706697ffa10adf0667f4d17ae2acc739859b1b338332fc346a080d5,2.34,ne-NP,nepali_16
249,हजुर दाइ जायज कुरा गरिन ।,0142a5d130e7fb1d6435cf711c230cda2631aac457b40578f78ce5379713dfeca4a804e61706697ffa10adf0667f4d17ae2acc739859b1b338332fc346a080d5,3.348,ne-NP,nepali_16
250,"शुभ बिहानी,यहाहरु सबैको दिन सुखद रहोस् ।",0142a5d130e7fb1d6435cf711c230cda2631aac457b40578f78ce5379713dfeca4a804e61706697ffa10adf0667f4d17ae2acc739859b1b338332fc346a080d5,3.78,ne-NP,nepali_16
251,"नमस्कार समित दाई, धेरै पछि देखिनुभयो ।",0142a5d130e7fb1d6435cf711c230cda2631aac457b40578f78ce5379713dfeca4a804e61706697ffa10adf0667f4d17ae2acc739859b1b338332fc346a080d5,3.6,ne-NP,nepali_16
252,अब केहि दिनमा गर्नेछु ।,0142a5d130e7fb1d6435cf711c230cda2631aac457b40578f78ce5379713dfeca4a804e61706697ffa10adf0667f4d17ae2acc739859b1b338332fc346a080d5,2.736,ne-NP,nepali_16
253,आज अचानक असिना पर्यो ।,0142a5d130e7fb1d6435cf711c230cda2631aac457b40578f78ce5379713dfeca4a804e61706697ffa10adf0667f4d17ae2acc739859b1b338332fc346a080d5,2.628,ne-NP,nepali_16
254,मेरो त परीक्षाको तालिका आएछ।,0142a5d130e7fb1d6435cf711c230cda2631aac457b40578f78ce5379713dfeca4a804e61706697ffa10adf0667f4d17ae2acc739859b1b338332fc346a080d5,3.096,ne-NP,nepali_16
255,चल्यो हावा सरर ।,0142a5d130e7fb1d6435cf711c230cda2631aac457b40578f78ce5379713dfeca4a804e61706697ffa10adf0667f4d17ae2acc739859b1b338332fc346a080d5,3.06,ne-NP,nepali_16
256,कलामा त खास यस्ता मानकको कुनै अर्थ नै हुँदैन ।,0142a5d130e7fb1d6435cf711c230cda2631aac457b40578f78ce5379713dfeca4a804e61706697ffa10adf0667f4d17ae2acc739859b1b338332fc346a080d5,4.176,ne-NP,nepali_16
257,क-कसले हेर्नुभयो?,0142a5d130e7fb1d6435cf711c230cda2631aac457b40578f78ce5379713dfeca4a804e61706697ffa10adf0667f4d17ae2acc739859b1b338332fc346a080d5,2.448,ne-NP,nepali_16
258,साह्रै दुःख लाग्यो!,0142a5d130e7fb1d6435cf711c230cda2631aac457b40578f78ce5379713dfeca4a804e61706697ffa10adf0667f4d17ae2acc739859b1b338332fc346a080d5,1.98,ne-NP,nepali_16
259,फोनको हालत तेती राम्रो छैन ।,0142a5d130e7fb1d6435cf711c230cda2631aac457b40578f78ce5379713dfeca4a804e61706697ffa10adf0667f4d17ae2acc739859b1b338332fc346a080d5,2.808,ne-NP,nepali_16
260,अहिले सम्मका वाक्यहरु यहाँ हेर्न सकिन्छ ।,0142a5d130e7fb1d6435cf711c230cda2631aac457b40578f78ce5379713dfeca4a804e61706697ffa10adf0667f4d17ae2acc739859b1b338332fc346a080d5,3.168,ne-NP,nepali_16
261,तपाईँलाई कस्तो खालको गीत मनपर्छ?,0142a5d130e7fb1d6435cf711c230cda2631aac457b40578f78ce5379713dfeca4a804e61706697ffa10adf0667f4d17ae2acc739859b1b338332fc346a080d5,2.988,ne-NP,nepali_16
262,मेरो घर सिमरा हो ।,0142a5d130e7fb1d6435cf711c230cda2631aac457b40578f78ce5379713dfeca4a804e61706697ffa10adf0667f4d17ae2acc739859b1b338332fc346a080d5,2.268,ne-NP,nepali_16
263,सगरमाथा कलेजमा पनि यसबारे एउटा कार्यक्रम गर्नुपर्ने छ ।,0142a5d130e7fb1d6435cf711c230cda2631aac457b40578f78ce5379713dfeca4a804e61706697ffa10adf0667f4d17ae2acc739859b1b338332fc346a080d5,4.32,ne-NP,nepali_16
264,नेपालको पूर्वी सीमाना मेची नदीदेखि पश्चिमी सीमाना महाकाली नदीसम्म छ ।,0142a5d130e7fb1d6435cf711c230cda2631aac457b40578f78ce5379713dfeca4a804e61706697ffa10adf0667f4d17ae2acc739859b1b338332fc346a080d5,5.22,ne-NP,nepali_16
265,यो वाक्य कसैले लेखेनछन् ।,0142a5d130e7fb1d6435cf711c230cda2631aac457b40578f78ce5379713dfeca4a804e61706697ffa10adf0667f4d17ae2acc739859b1b338332fc346a080d5,3.096,ne-NP,nepali_16
266,मेरो घर गुल्मी जिल्लामा पर्छ,0142a5d130e7fb1d6435cf711c230cda2631aac457b40578f78ce5379713dfeca4a804e61706697ffa10adf0667f4d17ae2acc739859b1b338332fc346a080d5,2.556,ne-NP,nepali_16
267,"औलो, कालाजार जस्ता किट जन्य रोगहरुबाट बच्न संधै झुल भित्र सुतौं ।",0142a5d130e7fb1d6435cf711c230cda2631aac457b40578f78ce5379713dfeca4a804e61706697ffa10adf0667f4d17ae2acc739859b1b338332fc346a080d5,5.148,ne-NP,nepali_16
268,कति खर्च लाग्यो?,0142a5d130e7fb1d6435cf711c230cda2631aac457b40578f78ce5379713dfeca4a804e61706697ffa10adf0667f4d17ae2acc739859b1b338332fc346a080d5,2.016,ne-NP,nepali_16
269,रामु कस्तो छ अहिले तँलाई?,0142a5d130e7fb1d6435cf711c230cda2631aac457b40578f78ce5379713dfeca4a804e61706697ffa10adf0667f4d17ae2acc739859b1b338332fc346a080d5,2.52,ne-NP,nepali_16
270,सेवा,0142a5d130e7fb1d6435cf711c230cda2631aac457b40578f78ce5379713dfeca4a804e61706697ffa10adf0667f4d17ae2acc739859b1b338332fc346a080d5,1.908,ne-NP,nepali_16
271,कहिले बाट छ तिम्रो परीक्षा निर्मल?,0142a5d130e7fb1d6435cf711c230cda2631aac457b40578f78ce5379713dfeca4a804e61706697ffa10adf0667f4d17ae2acc739859b1b338332fc346a080d5,2.88,ne-NP,nepali_16
272,अाराम गर सन्दिप ।,0142a5d130e7fb1d6435cf711c230cda2631aac457b40578f78ce5379713dfeca4a804e61706697ffa10adf0667f4d17ae2acc739859b1b338332fc346a080d5,2.376,ne-NP,nepali_16
273,सिनेमा यस्तो विधा हो जसले वैकल्पिक यथार्थ समाजलाई दिन सक्छ ।,0142a5d130e7fb1d6435cf711c230cda2631aac457b40578f78ce5379713dfeca4a804e61706697ffa10adf0667f4d17ae2acc739859b1b338332fc346a080d5,4.428,ne-NP,nepali_16
274,दिनभरि टन्टलापुर घाम लाग्ने होला ।,0142a5d130e7fb1d6435cf711c230cda2631aac457b40578f78ce5379713dfeca4a804e61706697ffa10adf0667f4d17ae2acc739859b1b338332fc346a080d5,3.348,ne-NP,nepali_16
275,यहाँहरुको दिन सुखद अनि फलदायी होस् ।,0142a5d130e7fb1d6435cf711c230cda2631aac457b40578f78ce5379713dfeca4a804e61706697ffa10adf0667f4d17ae2acc739859b1b338332fc346a080d5,3.276,ne-NP,nepali_16
276,साथीभाइबीच रमाइलो हुन्थ्यो ।,0142a5d130e7fb1d6435cf711c230cda2631aac457b40578f78ce5379713dfeca4a804e61706697ffa10adf0667f4d17ae2acc739859b1b338332fc346a080d5,2.556,ne-NP,nepali_16
277,"एक टेवल चार कुर्र्सी, भान्छा कोठामा ।",0142a5d130e7fb1d6435cf711c230cda2631aac457b40578f78ce5379713dfeca4a804e61706697ffa10adf0667f4d17ae2acc739859b1b338332fc346a080d5,3.528,ne-NP,nepali_16
278,राम्रो सँग अध्ययन गर ।,0142a5d130e7fb1d6435cf711c230cda2631aac457b40578f78ce5379713dfeca4a804e61706697ffa10adf0667f4d17ae2acc739859b1b338332fc346a080d5,2.376,ne-NP,nepali_16
279,उनीहरूलाई लाग्यो बजार विस्तार गरे त्यो सम्भव छ ।,0142a5d130e7fb1d6435cf711c230cda2631aac457b40578f78ce5379713dfeca4a804e61706697ffa10adf0667f4d17ae2acc739859b1b338332fc346a080d5,3.528,ne-NP,nepali_16
280,अोहो! कति राम्रो माला लगाको ।,0142a5d130e7fb1d6435cf711c230cda2631aac457b40578f78ce5379713dfeca4a804e61706697ffa10adf0667f4d17ae2acc739859b1b338332fc346a080d5,2.916,ne-NP,nepali_16
281,"जाअौँ, डुङ्गा बगाउन ।",0142a5d130e7fb1d6435cf711c230cda2631aac457b40578f78ce5379713dfeca4a804e61706697ffa10adf0667f4d17ae2acc739859b1b338332fc346a080d5,2.7,ne-NP,nepali_16
282,नेपालमा अझै पनि भुकम्पको झट्का अाइरन्छ ।,0142a5d130e7fb1d6435cf711c230cda2631aac457b40578f78ce5379713dfeca4a804e61706697ffa10adf0667f4d17ae2acc739859b1b338332fc346a080d5,3.348,ne-NP,nepali_16
